capacity,luxury,model,plate,position,speed,timestamp,toll_name,type
272.96240081157777,yes,Ford,2dc11cbd-06e7-4eee-aba3-7c806e74fa3b,out,140.64129999236147,2019-04-28 19:44:45.024884,d47bb43f-944e-4781-8036-fea96b2aea0b,net
179.91886481035036,yes,Nissan,b0ff415e-5c0e-4a07-b5d3-152c9d103130,mid,109.79023729537863,2019-04-28 19:44:45.024884,dc1d872b-9f27-44a6-8a66-0ce8efcd5545,checkpoint
179.91886481035036,yes,Land Rover,eb8c8665-8e64-4779-b75c-d8221bc9ba1b,mid,172.92524510744622,2019-04-28 19:44:45.024884,dc1d872b-9f27-44a6-8a66-0ce8efcd5545,checkpoint
92.52769767123135,no,Lexus,11eb8d6c-f2bb-432c-a2cd-e08d937b62a1,mid,81.54278715574782,2019-04-28 19:44:45.024884,8549e9ab-eb0d-4dfc-9e64-62715cd4d8d4,net
183.14618051952453,no,Land Rover,69fba710-6d60-4fa9-b16e-6f4ce3ae6f5b,mid,87.71176098708555,2019-04-28 19:44:45.024884,f4cfd4f7-460b-47ba-a723-79b3c36181b8,checkpoint
179.91886481035036,no,Dodge,93ec9b2e-f7a0-403f-8426-97d14613f71e,mid,207.37133993826194,2019-04-28 19:44:45.024884,dc1d872b-9f27-44a6-8a66-0ce8efcd5545,checkpoint
272.96240081157777,no,Porsche,391e9ba9-df8e-44aa-b954-e3d7a1590b34,out,134.90961159371412,2019-04-28 19:44:45.024884,d47bb43f-944e-4781-8036-fea96b2aea0b,net
92.52769767123135,no,Honda,c4709bde-5a4e-4ec3-8525-165a992f9578,mid,75.23685257350937,2019-04-28 19:44:45.024884,8549e9ab-eb0d-4dfc-9e64-62715cd4d8d4,net
92.52769767123135,yes,Mazda,323638f0-a6e2-4d55-9963-8be28bbe9593,mid,129.0083657354299,2019-04-28 19:44:45.024884,8549e9ab-eb0d-4dfc-9e64-62715cd4d8d4,net
179.91886481035036,no,Mercedes-Benz,abec8515-7796-4381-a51b-21effcc1ac4d,mid,127.69801456840206,2019-04-28 19:44:45.024884,dc1d872b-9f27-44a6-8a66-0ce8efcd5545,checkpoint
272.96240081157777,no,Lincoln,64ed553c-7d48-49de-94ba-372d5a969c19,out,155.27079349844226,2019-04-28 19:44:45.024884,d47bb43f-944e-4781-8036-fea96b2aea0b,net
272.96240081157777,yes,Maserati,da974456-fbaf-4586-ad41-de2feb6b3b42,out,117.75089813924664,2019-04-28 19:44:45.024884,d47bb43f-944e-4781-8036-fea96b2aea0b,net
179.91886481035036,no,Chevrolet,00d6c265-4dae-426c-81aa-ee71a4c506aa,mid,175.3793568535433,2019-04-28 19:44:45.024884,dc1d872b-9f27-44a6-8a66-0ce8efcd5545,checkpoint
179.91886481035036,yes,Honda,a1d52c64-0ace-4722-a693-109bd4937f8a,mid,185.794868842111,2019-04-28 19:44:45.024884,dc1d872b-9f27-44a6-8a66-0ce8efcd5545,checkpoint
271.444856187316,yes,Porsche,45ffeb10-acfb-498e-8f96-91aa36f98173,in,53.761596067910034,2019-04-28 19:44:45.024884,3d1a300e-583a-444b-bffa-b0a5d33d3f1a,checkpoint
183.14618051952453,no,Maybach,6889007d-5c64-4dc0-998f-111092555be8,mid,141.70650407234618,2019-04-28 19:44:45.024884,f4cfd4f7-460b-47ba-a723-79b3c36181b8,checkpoint
179.91886481035036,no,Hyundai,d068632d-40fa-4cc6-a7ab-1fe1b4d1cf1b,mid,147.1471436461181,2019-04-28 19:44:45.024884,dc1d872b-9f27-44a6-8a66-0ce8efcd5545,checkpoint
179.91886481035036,no,Aston Martin,53899eb0-6d9a-4af5-8b1f-1fbd9c0cc278,mid,161.56439249367077,2019-04-28 19:44:45.024884,dc1d872b-9f27-44a6-8a66-0ce8efcd5545,checkpoint
179.91886481035036,yes,Spyker,15bce988-362f-46bf-ba2f-1eca7ff17ecf,mid,88.3326084063255,2019-04-28 19:44:45.024884,dc1d872b-9f27-44a6-8a66-0ce8efcd5545,checkpoint
179.91886481035036,yes,Dodge,9b659016-ecef-4a2e-88a0-918ad4784f1d,mid,174.7787296306099,2019-04-28 19:44:45.024884,dc1d872b-9f27-44a6-8a66-0ce8efcd5545,checkpoint
183.14618051952453,no,Porsche,0a871764-d6e1-4dcb-aca3-a2469b96481a,mid,116.42790595921177,2019-04-28 19:44:45.024884,f4cfd4f7-460b-47ba-a723-79b3c36181b8,checkpoint
179.91886481035036,no,Nissan,a44d9588-5ff1-4220-b2fb-943c6be3d70d,mid,174.83453869549965,2019-04-28 19:44:45.024884,dc1d872b-9f27-44a6-8a66-0ce8efcd5545,checkpoint
92.52769767123135,yes,Lamborghini,6d835fc5-b01c-4546-b78d-2d6d483480c2,mid,162.67003223132087,2019-04-28 19:44:45.024884,8549e9ab-eb0d-4dfc-9e64-62715cd4d8d4,net
92.52769767123135,no,Rolls-Royce,e90a9b63-31ab-4690-9ad5-38270c94e1ea,mid,211.43455349727702,2019-04-28 19:44:45.024884,8549e9ab-eb0d-4dfc-9e64-62715cd4d8d4,net
92.52769767123135,yes,Dodge,0dd4fd3b-8898-415c-97ea-0cb49154acdb,mid,135.74327787441305,2019-04-28 20:44:45.024884,8549e9ab-eb0d-4dfc-9e64-62715cd4d8d4,net
179.91886481035036,no,Mitsubishi,d362fede-ddac-49a7-a60c-cab50e7edce1,mid,62.766591228265526,2019-04-28 20:44:45.024884,dc1d872b-9f27-44a6-8a66-0ce8efcd5545,checkpoint
92.52769767123135,no,BMW,8971400c-2e0f-40e2-93a3-89f500e1205d,mid,144.79734043414751,2019-04-28 20:44:45.024884,8549e9ab-eb0d-4dfc-9e64-62715cd4d8d4,net
272.96240081157777,yes,BMW,94c686ff-cdfd-4f60-b73c-978b601fa6a4,out,190.90804851145913,2019-04-28 20:44:45.024884,d47bb43f-944e-4781-8036-fea96b2aea0b,net
179.91886481035036,no,Ford,5dbeefb1-7085-44b2-bf4c-8f12fe1d3511,mid,134.935739629547,2019-04-28 20:44:45.024884,dc1d872b-9f27-44a6-8a66-0ce8efcd5545,checkpoint
179.91886481035036,yes,Fiat,56ce0b75-eba5-4326-b5f6-0c00e6dcd9ab,mid,116.51764666414577,2019-04-28 20:44:45.024884,dc1d872b-9f27-44a6-8a66-0ce8efcd5545,checkpoint
92.52769767123135,no,Rolls-Royce,eaa414e0-213c-454f-a083-70d1e29b90d5,mid,202.89902079356642,2019-04-28 20:44:45.024884,8549e9ab-eb0d-4dfc-9e64-62715cd4d8d4,net
183.14618051952453,no,Bugatti,37e545da-76df-4b76-aa61-5565ac1edcc1,mid,112.17508174023193,2019-04-28 20:44:45.024884,f4cfd4f7-460b-47ba-a723-79b3c36181b8,checkpoint
179.91886481035036,yes,Nissan,ad4d07bf-32e2-4c4a-bee8-d3343d283817,mid,167.72503219475686,2019-04-28 20:44:45.024884,dc1d872b-9f27-44a6-8a66-0ce8efcd5545,checkpoint
92.52769767123135,yes,Dodge,2733471f-c5ef-45ed-824c-8ee35f1f69ce,mid,111.30371155907238,2019-04-28 20:44:45.024884,8549e9ab-eb0d-4dfc-9e64-62715cd4d8d4,net
183.14618051952453,yes,Spyker,c1b1257b-aee7-4f2f-b4ea-783c640677f6,mid,100.55614934154418,2019-04-28 20:44:45.024884,f4cfd4f7-460b-47ba-a723-79b3c36181b8,checkpoint
92.52769767123135,no,Nissan,74c66376-6825-45e8-93b7-457e23aeba2d,mid,90.97148936004868,2019-04-28 20:44:45.024884,8549e9ab-eb0d-4dfc-9e64-62715cd4d8d4,net
272.96240081157777,no,Hyundai,dda6992a-3ba9-4634-bcda-2845686a8ebd,out,140.6356991051016,2019-04-28 20:44:45.024884,d47bb43f-944e-4781-8036-fea96b2aea0b,net
272.96240081157777,yes,Honda,65dbfb40-aed1-49e2-acfc-37f360a322c0,out,182.44518999400782,2019-04-28 20:44:45.024884,d47bb43f-944e-4781-8036-fea96b2aea0b,net
92.52769767123135,no,Volkswagen,405a3670-bfba-488d-adbf-e806e7258d1a,mid,19.146696355493816,2019-04-28 20:44:45.024884,8549e9ab-eb0d-4dfc-9e64-62715cd4d8d4,net
179.91886481035036,yes,Audi,be22db89-a261-48d1-83c4-cf2536b72df6,mid,61.34210800787008,2019-04-28 20:44:45.024884,dc1d872b-9f27-44a6-8a66-0ce8efcd5545,checkpoint
179.91886481035036,yes,Lincoln,54ee1df9-69bf-44b0-8282-ceb0e3de235d,mid,78.10601993299522,2019-04-28 20:44:45.024884,dc1d872b-9f27-44a6-8a66-0ce8efcd5545,checkpoint
179.91886481035036,yes,Alfa Romeo,5ed0f315-76e2-41f4-9dfc-b3141d74cdff,mid,83.76947411674824,2019-04-28 20:44:45.024884,dc1d872b-9f27-44a6-8a66-0ce8efcd5545,checkpoint
179.91886481035036,no,Kia,b8c2b8de-1bcd-4975-ad37-e284a8ac17ba,mid,180.59493924082707,2019-04-28 20:44:45.024884,dc1d872b-9f27-44a6-8a66-0ce8efcd5545,checkpoint
179.91886481035036,yes,Land Rover,d44a62f4-78e8-41ce-8298-dbe6d4aea55d,mid,204.4074578177707,2019-04-28 20:44:45.024884,dc1d872b-9f27-44a6-8a66-0ce8efcd5545,checkpoint
179.91886481035036,yes,Bentley,dcb6dad0-54cc-4bb1-8b67-e00b9b522046,mid,84.50603941990578,2019-04-28 20:44:45.024884,dc1d872b-9f27-44a6-8a66-0ce8efcd5545,checkpoint
92.52769767123135,yes,Toyota,e43e48dd-5b10-4806-8f53-05c5bc0352cc,mid,90.67514317265284,2019-04-28 20:44:45.024884,8549e9ab-eb0d-4dfc-9e64-62715cd4d8d4,net
179.91886481035036,no,Volkswagen,9c981b89-53a9-4de8-8e97-c3555042c3ce,mid,146.33880611135461,2019-04-28 20:44:45.024884,dc1d872b-9f27-44a6-8a66-0ce8efcd5545,checkpoint
272.96240081157777,yes,Maserati,52242205-5159-4e79-a6f7-7ab64fd9bf3c,out,109.95878443795702,2019-04-28 20:44:45.024884,d47bb43f-944e-4781-8036-fea96b2aea0b,net
179.91886481035036,yes,Rolls-Royce,77482e1a-3327-437b-94b9-838a3d198f98,mid,35.81727429088174,2019-04-28 20:44:45.024884,dc1d872b-9f27-44a6-8a66-0ce8efcd5545,checkpoint
183.14618051952453,no,Toyota,e211e739-0bc7-4f40-8294-fafb7abc90fb,mid,122.92926088563547,2019-04-28 20:44:45.024884,f4cfd4f7-460b-47ba-a723-79b3c36181b8,checkpoint
92.52769767123135,no,Dodge,4114d85a-6cda-4f9e-98e9-f5af29e48496,mid,145.4798551068446,2019-04-28 21:44:45.024884,8549e9ab-eb0d-4dfc-9e64-62715cd4d8d4,net
272.96240081157777,no,Spyker,348d8788-9e9a-426b-9273-5f341e8a3cf3,out,134.33108661863392,2019-04-28 21:44:45.024884,d47bb43f-944e-4781-8036-fea96b2aea0b,net
179.91886481035036,no,Fiat,74b7aeb7-88b2-4b2b-9db9-205b3586af31,mid,8.583810217942045,2019-04-28 21:44:45.024884,dc1d872b-9f27-44a6-8a66-0ce8efcd5545,checkpoint
183.14618051952453,no,Land Rover,86193af1-9564-4f28-b3d0-55dea3139ea4,mid,112.16289281027565,2019-04-28 21:44:45.024884,f4cfd4f7-460b-47ba-a723-79b3c36181b8,checkpoint
92.52769767123135,no,Land Rover,1973e790-4c68-4406-b086-6af8ea10e391,mid,71.97536809345505,2019-04-28 21:44:45.024884,8549e9ab-eb0d-4dfc-9e64-62715cd4d8d4,net
179.91886481035036,yes,Cadillac,af7f444d-4c83-48b1-8641-131993eb73c6,mid,148.35023183408177,2019-04-28 21:44:45.024884,dc1d872b-9f27-44a6-8a66-0ce8efcd5545,checkpoint
183.14618051952453,yes,Tesla,d7097f7d-8f1a-4cf9-b7a2-6721f713e8eb,mid,134.0734909494616,2019-04-28 21:44:45.024884,f4cfd4f7-460b-47ba-a723-79b3c36181b8,checkpoint
92.52769767123135,yes,Bentley,9f456fd6-372e-4ad7-acf0-6eba84420440,mid,116.76152664214678,2019-04-28 21:44:45.024884,8549e9ab-eb0d-4dfc-9e64-62715cd4d8d4,net
183.14618051952453,yes,Chrysler,a61acde5-f38d-4f2b-b521-1668a39f95e8,mid,151.09933669266087,2019-04-28 21:44:45.024884,f4cfd4f7-460b-47ba-a723-79b3c36181b8,checkpoint
271.444856187316,no,Porsche,1776467d-843f-4adf-93d9-86c7881224c6,in,189.00813905644424,2019-04-28 21:44:45.024884,3d1a300e-583a-444b-bffa-b0a5d33d3f1a,checkpoint
272.96240081157777,yes,Porsche,f653b2a3-5b84-42ba-80d6-dc5b79c0f524,out,180.09268093189195,2019-04-28 21:44:45.024884,d47bb43f-944e-4781-8036-fea96b2aea0b,net
179.91886481035036,no,Rolls-Royce,beb42148-d724-4c20-a955-8334418a3c39,mid,58.79299956360964,2019-04-28 21:44:45.024884,dc1d872b-9f27-44a6-8a66-0ce8efcd5545,checkpoint
179.91886481035036,yes,BMW,068ee818-57a9-46f9-a2ef-81a2edcf1862,mid,128.51803863367326,2019-04-28 21:44:45.024884,dc1d872b-9f27-44a6-8a66-0ce8efcd5545,checkpoint
179.91886481035036,no,Mazda,6531ccd3-f248-4e4f-8775-0512fd0c82d9,mid,146.98404663540595,2019-04-28 21:44:45.024884,dc1d872b-9f27-44a6-8a66-0ce8efcd5545,checkpoint
179.91886481035036,yes,Kia,59847ceb-f174-4128-971c-04df765f5319,mid,115.9358536497737,2019-04-28 21:44:45.024884,dc1d872b-9f27-44a6-8a66-0ce8efcd5545,checkpoint
272.96240081157777,yes,Dodge,a1551528-1704-40db-8020-def3b7ad3bb7,out,114.36401790260886,2019-04-28 21:44:45.024884,d47bb43f-944e-4781-8036-fea96b2aea0b,net
271.444856187316,no,Chevrolet,dd7c8bb3-c31c-413d-bf91-3344b77790bc,in,136.7334758496243,2019-04-28 21:44:45.024884,3d1a300e-583a-444b-bffa-b0a5d33d3f1a,checkpoint
183.14618051952453,no,Dodge,1d612dee-065e-4858-9a14-8077ed661fdd,mid,146.84757058707623,2019-04-28 21:44:45.024884,f4cfd4f7-460b-47ba-a723-79b3c36181b8,checkpoint
92.52769767123135,no,Fiat,e2488d77-70c0-4ada-8b37-a29308a09fd0,mid,162.5340207942059,2019-04-28 21:44:45.024884,8549e9ab-eb0d-4dfc-9e64-62715cd4d8d4,net
179.91886481035036,no,Tesla,f22694c7-07a3-4314-8c06-178d179c6ab1,mid,112.41222327377572,2019-04-28 21:44:45.024884,dc1d872b-9f27-44a6-8a66-0ce8efcd5545,checkpoint
92.52769767123135,no,Subaru,be1a19fa-a966-4ee6-b3b4-bf16f98b0b2a,mid,110.89647873318123,2019-04-28 21:44:45.024884,8549e9ab-eb0d-4dfc-9e64-62715cd4d8d4,net
92.52769767123135,no,Chevrolet,2a2729dc-b240-492a-a2d9-eecda43d3d62,mid,231.80071619889188,2019-04-28 21:44:45.024884,8549e9ab-eb0d-4dfc-9e64-62715cd4d8d4,net
179.91886481035036,yes,Honda,0036e3ac-a3ec-461f-bbd2-36a95c5a8b22,mid,171.78877196850402,2019-04-28 21:44:45.024884,dc1d872b-9f27-44a6-8a66-0ce8efcd5545,checkpoint
179.91886481035036,no,Lexus,0740ad4c-877a-47ed-bc6e-88b72ea3ea5f,mid,46.29494937654047,2019-04-28 21:44:45.024884,dc1d872b-9f27-44a6-8a66-0ce8efcd5545,checkpoint
179.91886481035036,no,Ferrari,202193cf-4292-41e4-9906-715e521bd81e,mid,102.90956865120503,2019-04-28 21:44:45.024884,dc1d872b-9f27-44a6-8a66-0ce8efcd5545,checkpoint
179.91886481035036,no,Bentley,7e57610f-ecfb-45ea-8b36-3804ac85c559,mid,103.35854206837286,2019-04-28 21:44:45.024884,dc1d872b-9f27-44a6-8a66-0ce8efcd5545,checkpoint
272.96240081157777,no,Tesla,8a55b583-c4d1-4373-94f4-aa1f36f2026f,out,80.62615174855371,2019-04-28 21:44:45.024884,d47bb43f-944e-4781-8036-fea96b2aea0b,net
179.91886481035036,yes,Lexus,28705d7e-68d6-45fd-8ce0-d5d5c3167194,mid,119.10501228828353,2019-04-28 21:44:45.024884,dc1d872b-9f27-44a6-8a66-0ce8efcd5545,checkpoint
271.444856187316,no,Volkswagen,9bb15717-9c1e-42bb-b3c5-d96faeb6df2e,in,132.75027167636745,2019-04-28 21:44:45.024884,3d1a300e-583a-444b-bffa-b0a5d33d3f1a,checkpoint
183.14618051952453,yes,Ferrari,64f18080-9fbe-4187-96e7-464644808ac5,mid,153.2299811437534,2019-04-28 21:44:45.024884,f4cfd4f7-460b-47ba-a723-79b3c36181b8,checkpoint
179.91886481035036,no,Nissan,43df121d-be5f-4369-b27c-499a937aef7a,mid,234.52000823081215,2019-04-28 21:44:45.024884,dc1d872b-9f27-44a6-8a66-0ce8efcd5545,checkpoint
92.52769767123135,yes,Volvo,7089db5a-720c-442e-9045-9c5aecd3092d,mid,62.296428706000725,2019-04-28 21:44:45.024884,8549e9ab-eb0d-4dfc-9e64-62715cd4d8d4,net
179.91886481035036,yes,Fiat,b3f7d539-bc73-44fe-8583-5efaa7023140,mid,141.0520564835825,2019-04-28 22:44:45.024884,dc1d872b-9f27-44a6-8a66-0ce8efcd5545,checkpoint
92.52769767123135,no,Chevrolet,586b78b8-e37b-4dbe-b064-bbd9ee0ea986,mid,150.2100772806976,2019-04-28 22:44:45.024884,8549e9ab-eb0d-4dfc-9e64-62715cd4d8d4,net
271.444856187316,no,Ford,6bfbe5b3-8fa8-4331-86a3-4b3fd183d738,in,127.65748526484472,2019-04-28 22:44:45.024884,3d1a300e-583a-444b-bffa-b0a5d33d3f1a,checkpoint
271.444856187316,yes,Ferrari,2f54887d-0572-4ceb-af89-06b97e74c867,in,116.412299757509,2019-04-28 22:44:45.024884,3d1a300e-583a-444b-bffa-b0a5d33d3f1a,checkpoint
183.14618051952453,no,Hyundai,effc4151-4ed5-47a9-b499-815119ec4f3b,mid,122.95530728801707,2019-04-28 22:44:45.024884,f4cfd4f7-460b-47ba-a723-79b3c36181b8,checkpoint
272.96240081157777,no,Alfa Romeo,29345295-a1fd-4bcf-ad09-4e61d6334ed2,out,69.41739981867605,2019-04-28 22:44:45.024884,d47bb43f-944e-4781-8036-fea96b2aea0b,net
179.91886481035036,no,Land Rover,9cb9ccfe-166f-4658-b17e-8a61f4aa66a1,mid,173.92029356350324,2019-04-28 22:44:45.024884,dc1d872b-9f27-44a6-8a66-0ce8efcd5545,checkpoint
272.96240081157777,no,Aston Martin,4570ed0a-14e4-4d08-b723-08e051f53938,out,100.08717278184953,2019-04-28 22:44:45.024884,d47bb43f-944e-4781-8036-fea96b2aea0b,net
179.91886481035036,no,Toyota,52bd8a70-c5dd-4a51-be2c-73a2a372a20e,mid,103.89378330412309,2019-04-28 22:44:45.024884,dc1d872b-9f27-44a6-8a66-0ce8efcd5545,checkpoint
271.444856187316,no,Chevrolet,35dc6f11-5b90-492f-80a9-65b2812fb736,in,9.587444766151023,2019-04-28 22:44:45.024884,3d1a300e-583a-444b-bffa-b0a5d33d3f1a,checkpoint
272.96240081157777,no,Ferrari,18694210-ebe3-4f8b-a4a0-f48f0a85a43a,out,168.75105023880224,2019-04-28 22:44:45.024884,d47bb43f-944e-4781-8036-fea96b2aea0b,net
92.52769767123135,no,Hyundai,85d2af8c-c790-44c2-9e95-52b98da2e67c,mid,145.04278352404077,2019-04-28 22:44:45.024884,8549e9ab-eb0d-4dfc-9e64-62715cd4d8d4,net
183.14618051952453,yes,Dodge,669da86d-18d9-467e-98fd-b04a0f73057d,mid,54.31621270561806,2019-04-28 22:44:45.024884,f4cfd4f7-460b-47ba-a723-79b3c36181b8,checkpoint
179.91886481035036,no,Audi,d17d6146-c328-46db-a28c-564a17193ad2,mid,117.1062614111245,2019-04-28 22:44:45.024884,dc1d872b-9f27-44a6-8a66-0ce8efcd5545,checkpoint
272.96240081157777,no,Bugatti,be077cbe-8a7e-49ed-9b71-4e4bdd843087,out,60.1589767702345,2019-04-28 22:44:45.024884,d47bb43f-944e-4781-8036-fea96b2aea0b,net
92.52769767123135,no,Cadillac,cdc6e993-136b-42a6-9565-aa67fefebdf0,mid,112.32119157572595,2019-04-28 22:44:45.024884,8549e9ab-eb0d-4dfc-9e64-62715cd4d8d4,net
179.91886481035036,no,Tesla,bf037153-9d21-4c54-952f-d594cc8e952f,mid,125.88306876741933,2019-04-28 22:44:45.024884,dc1d872b-9f27-44a6-8a66-0ce8efcd5545,checkpoint
272.96240081157777,no,Suzuki,f8ddc1cd-3bf7-43b1-a491-bac25f53e793,out,167.19246119474576,2019-04-28 22:44:45.024884,d47bb43f-944e-4781-8036-fea96b2aea0b,net
179.91886481035036,no,Porsche,5e7a47b5-96ae-4f07-877f-8289f6b5ec69,mid,203.3023144544136,2019-04-28 22:44:45.024884,dc1d872b-9f27-44a6-8a66-0ce8efcd5545,checkpoint
271.444856187316,no,Suzuki,7b271388-0c9d-4f74-9107-b5438e4768d0,in,209.63463259067782,2019-04-28 22:44:45.024884,3d1a300e-583a-444b-bffa-b0a5d33d3f1a,checkpoint
179.91886481035036,no,Aston Martin,da6bd920-85b3-4584-b380-4b8499e1264d,mid,95.5583781868907,2019-04-28 22:44:45.024884,dc1d872b-9f27-44a6-8a66-0ce8efcd5545,checkpoint
179.91886481035036,yes,Maybach,2dcba4bc-d18d-4ca9-968f-cb41c0af5df9,mid,111.74350171460146,2019-04-28 22:44:45.024884,dc1d872b-9f27-44a6-8a66-0ce8efcd5545,checkpoint
272.96240081157777,yes,Volvo,229a835f-8d2d-4e18-8c84-77c15f3bb803,out,78.23919014812435,2019-04-28 22:44:45.024884,d47bb43f-944e-4781-8036-fea96b2aea0b,net
272.96240081157777,no,Maybach,91ceae37-8952-4a38-8b08-e2b21290164a,out,106.79429334330855,2019-04-28 22:44:45.024884,d47bb43f-944e-4781-8036-fea96b2aea0b,net
92.52769767123135,yes,Mazda,6b983727-ea07-40b4-95db-f6106fcb684a,mid,155.70924041611377,2019-04-28 22:44:45.024884,8549e9ab-eb0d-4dfc-9e64-62715cd4d8d4,net
179.91886481035036,yes,Audi,2672068e-0b07-482e-b929-092444afafac,mid,128.0789158230785,2019-04-28 22:44:45.024884,dc1d872b-9f27-44a6-8a66-0ce8efcd5545,checkpoint
183.14618051952453,no,Bugatti,8aedec8d-2004-4fbd-8a63-9f44c5751438,mid,52.602200562103164,2019-04-28 22:44:45.024884,f4cfd4f7-460b-47ba-a723-79b3c36181b8,checkpoint
272.96240081157777,yes,Mercedes-Benz,175a9f14-8968-44f4-a2fc-f55ecbe0a434,out,89.4869002786404,2019-04-28 23:44:45.024884,d47bb43f-944e-4781-8036-fea96b2aea0b,net
92.52769767123135,no,Nissan,a887de05-cc40-491c-88bb-4d7da89fac6d,mid,178.89375321414994,2019-04-28 23:44:45.024884,8549e9ab-eb0d-4dfc-9e64-62715cd4d8d4,net
183.14618051952453,yes,Tesla,00b2cf45-170c-4fc4-ba2c-d800bcc7829d,mid,131.25765846057558,2019-04-28 23:44:45.024884,f4cfd4f7-460b-47ba-a723-79b3c36181b8,checkpoint
183.14618051952453,no,Lexus,3683a969-528b-4bed-b694-2a149d3f4162,mid,212.73516943788283,2019-04-28 23:44:45.024884,f4cfd4f7-460b-47ba-a723-79b3c36181b8,checkpoint
92.52769767123135,no,Land Rover,02664653-a2f8-4dcc-9692-df9da7a5c70f,mid,148.62245671581348,2019-04-28 23:44:45.024884,8549e9ab-eb0d-4dfc-9e64-62715cd4d8d4,net
92.52769767123135,no,Lamborghini,93d9da87-d195-4b66-8a6c-ba2ce51b59a7,mid,188.82981167674967,2019-04-28 23:44:45.024884,8549e9ab-eb0d-4dfc-9e64-62715cd4d8d4,net
92.52769767123135,no,Dodge,5270137f-a673-492e-88ce-2c0ef7ce6f98,mid,129.19633905001498,2019-04-28 23:44:45.024884,8549e9ab-eb0d-4dfc-9e64-62715cd4d8d4,net
92.52769767123135,no,Volkswagen,25951acf-f0a8-47ea-88be-c41f1bac148d,mid,76.14365819779621,2019-04-28 23:44:45.024884,8549e9ab-eb0d-4dfc-9e64-62715cd4d8d4,net
179.91886481035036,yes,Mazda,9076fd55-5a82-4a43-94e7-9714d474522a,mid,130.9907060711861,2019-04-28 23:44:45.024884,dc1d872b-9f27-44a6-8a66-0ce8efcd5545,checkpoint
179.91886481035036,yes,Maserati,517f4e3f-ce4b-40ca-bffb-9c82dcda9cb2,mid,177.12526356376824,2019-04-28 23:44:45.024884,dc1d872b-9f27-44a6-8a66-0ce8efcd5545,checkpoint
271.444856187316,no,Mitsubishi,1de24a07-7aff-41c7-9bfa-437990794a73,in,140.65275059066943,2019-04-28 23:44:45.024884,3d1a300e-583a-444b-bffa-b0a5d33d3f1a,checkpoint
179.91886481035036,no,Chevrolet,0dd99b36-922b-482e-811b-33b99c58ba38,mid,130.3528172443725,2019-04-28 23:44:45.024884,dc1d872b-9f27-44a6-8a66-0ce8efcd5545,checkpoint
92.52769767123135,no,Audi,aa679441-0019-4cf4-86eb-91a306659686,mid,84.01970714754552,2019-04-28 23:44:45.024884,8549e9ab-eb0d-4dfc-9e64-62715cd4d8d4,net
183.14618051952453,no,Lincoln,125aea22-d9d0-4e2e-9bb4-1037e188c684,mid,96.73122598596434,2019-04-28 23:44:45.024884,f4cfd4f7-460b-47ba-a723-79b3c36181b8,checkpoint
271.444856187316,no,Land Rover,d5130ab4-3208-479a-bbd1-1cc84d47800f,in,90.3703495738689,2019-04-28 23:44:45.024884,3d1a300e-583a-444b-bffa-b0a5d33d3f1a,checkpoint
179.91886481035036,no,Honda,f9c1005b-518c-4b75-bd86-69aa56ae2dd0,mid,111.12906278663692,2019-04-28 23:44:45.024884,dc1d872b-9f27-44a6-8a66-0ce8efcd5545,checkpoint
179.91886481035036,no,Ferrari,820d1094-a495-4a9a-845e-9545935bd1d2,mid,98.623314232198,2019-04-28 23:44:45.024884,dc1d872b-9f27-44a6-8a66-0ce8efcd5545,checkpoint
272.96240081157777,yes,Toyota,45d9d5a9-5a4e-454d-9302-d0072525aaf5,out,130.08539233040216,2019-04-28 23:44:45.024884,d47bb43f-944e-4781-8036-fea96b2aea0b,net
179.91886481035036,no,Dodge,9733c4d3-6746-4937-b33c-470257501dfb,mid,105.70160063564794,2019-04-28 23:44:45.024884,dc1d872b-9f27-44a6-8a66-0ce8efcd5545,checkpoint
179.91886481035036,no,Volvo,69c0e299-bff0-46bf-b96a-00b7a41b7246,mid,118.35811830542478,2019-04-28 23:44:45.024884,dc1d872b-9f27-44a6-8a66-0ce8efcd5545,checkpoint
183.14618051952453,no,Chevrolet,c6b025f4-f344-4422-a949-ce5717ad8f1c,mid,149.57671390136227,2019-04-28 23:44:45.024884,f4cfd4f7-460b-47ba-a723-79b3c36181b8,checkpoint
271.444856187316,yes,Maserati,40e63e94-1580-4743-99f9-cb1891d204cd,in,186.67231006570498,2019-04-28 23:44:45.024884,3d1a300e-583a-444b-bffa-b0a5d33d3f1a,checkpoint
179.91886481035036,yes,Ferrari,66bcf49b-02cd-4f6c-b90a-ae09d6f6ab66,mid,146.30109972429065,2019-04-28 23:44:45.024884,dc1d872b-9f27-44a6-8a66-0ce8efcd5545,checkpoint
92.52769767123135,yes,Spyker,ab1b27f5-a254-4889-8871-d269a319fe62,mid,135.39868516589104,2019-04-28 23:44:45.024884,8549e9ab-eb0d-4dfc-9e64-62715cd4d8d4,net
92.52769767123135,yes,Maybach,388ae96b-523f-40dc-a391-17944df5e4a8,mid,126.56853821344983,2019-04-28 23:44:45.024884,8549e9ab-eb0d-4dfc-9e64-62715cd4d8d4,net
183.14618051952453,no,Mazda,97db2052-7a29-43cd-82f5-5b09876e0fbf,mid,221.68036090709506,2019-04-28 23:44:45.024884,f4cfd4f7-460b-47ba-a723-79b3c36181b8,checkpoint
272.96240081157777,no,Porsche,b62ac6d4-d9e5-4a68-ad7d-a8625b8d15e3,out,93.24781590664406,2019-04-28 23:44:45.024884,d47bb43f-944e-4781-8036-fea96b2aea0b,net
272.96240081157777,no,Nissan,c138d2d0-30b5-451a-9997-2a6d317ed285,out,100.52727489940278,2019-04-28 23:44:45.024884,d47bb43f-944e-4781-8036-fea96b2aea0b,net
272.96240081157777,no,Cadillac,9b409cb1-89f0-4340-8971-4d9b2bed93b5,out,148.75317699734742,2019-04-28 23:44:45.024884,d47bb43f-944e-4781-8036-fea96b2aea0b,net
272.96240081157777,yes,Bentley,adbf178a-8d75-4be2-959e-dcea8d5398b9,out,103.92946421941002,2019-04-28 23:44:45.024884,d47bb43f-944e-4781-8036-fea96b2aea0b,net
272.96240081157777,no,Chevrolet,b8150f10-ddba-4773-9891-f78c23807902,out,136.9119313717884,2019-04-29 00:44:45.024884,d47bb43f-944e-4781-8036-fea96b2aea0b,net
179.91886481035036,no,Lexus,5c8807d0-f859-44f6-9ffa-78458c0e5c93,mid,151.86897437327897,2019-04-29 00:44:45.024884,dc1d872b-9f27-44a6-8a66-0ce8efcd5545,checkpoint
183.14618051952453,no,Mazda,ebaf3834-4aea-4133-bbed-93fd5160eac8,mid,48.68297137861326,2019-04-29 00:44:45.024884,f4cfd4f7-460b-47ba-a723-79b3c36181b8,checkpoint
183.14618051952453,yes,Volvo,73122443-e210-4a21-a8b0-179de5893330,mid,162.54118410303792,2019-04-29 00:44:45.024884,f4cfd4f7-460b-47ba-a723-79b3c36181b8,checkpoint
271.444856187316,no,Volvo,410ecc29-453e-4b8c-b9b4-e45b677070d1,in,143.73093839676858,2019-04-29 00:44:45.024884,3d1a300e-583a-444b-bffa-b0a5d33d3f1a,checkpoint
179.91886481035036,no,Nissan,cdf768ff-7a8a-443d-aa6b-781b9a706bac,mid,174.26698490957662,2019-04-29 00:44:45.024884,dc1d872b-9f27-44a6-8a66-0ce8efcd5545,checkpoint
272.96240081157777,no,Porsche,6871549a-a853-4595-9450-1fb75824af74,out,89.46831497118737,2019-04-29 00:44:45.024884,d47bb43f-944e-4781-8036-fea96b2aea0b,net
183.14618051952453,no,Mitsubishi,b9d9924c-2ed3-4470-a9db-b478bbeaf3b5,mid,115.28568990282533,2019-04-29 00:44:45.024884,f4cfd4f7-460b-47ba-a723-79b3c36181b8,checkpoint
272.96240081157777,no,Chrysler,0a63dd01-04cc-4201-b5aa-7af97a7ba6ac,out,113.92909447979811,2019-04-29 00:44:45.024884,d47bb43f-944e-4781-8036-fea96b2aea0b,net
272.96240081157777,no,Alfa Romeo,c6027109-8b29-4f48-82fa-adf699ef0e54,out,72.30795134674585,2019-04-29 00:44:45.024884,d47bb43f-944e-4781-8036-fea96b2aea0b,net
271.444856187316,yes,Ferrari,57908f40-54de-4a0f-ad0c-43d225760162,in,197.37155398610082,2019-04-29 00:44:45.024884,3d1a300e-583a-444b-bffa-b0a5d33d3f1a,checkpoint
271.444856187316,yes,Lincoln,e4bb8a0a-46de-4a98-9546-2f13e473eff2,in,82.12708862709194,2019-04-29 00:44:45.024884,3d1a300e-583a-444b-bffa-b0a5d33d3f1a,checkpoint
179.91886481035036,yes,BMW,19b47e0e-fa76-44d3-b3ad-3b0878bf7350,mid,54.1679126547767,2019-04-29 00:44:45.024884,dc1d872b-9f27-44a6-8a66-0ce8efcd5545,checkpoint
272.96240081157777,yes,Kia,b14791f8-eb97-4418-a0ff-c3ebce06fa7c,out,93.51324984276323,2019-04-29 00:44:45.024884,d47bb43f-944e-4781-8036-fea96b2aea0b,net
183.14618051952453,yes,Lamborghini,e07bf62f-5f02-4afc-98d9-e66b57ee748f,mid,195.66309521371073,2019-04-29 00:44:45.024884,f4cfd4f7-460b-47ba-a723-79b3c36181b8,checkpoint
272.96240081157777,no,Porsche,6a69e039-8d6a-45a2-84ec-1eb4086bf324,out,120.0906678744698,2019-04-29 00:44:45.024884,d47bb43f-944e-4781-8036-fea96b2aea0b,net
179.91886481035036,no,Chevrolet,bccedd7c-eaaf-4a8a-87c4-7e4db75276ea,mid,95.21525769174232,2019-04-29 00:44:45.024884,dc1d872b-9f27-44a6-8a66-0ce8efcd5545,checkpoint
183.14618051952453,no,Ferrari,eeb80dea-44f1-44c2-9b2a-5c69113417b1,mid,185.51337972181844,2019-04-29 00:44:45.024884,f4cfd4f7-460b-47ba-a723-79b3c36181b8,checkpoint
92.52769767123135,no,Lamborghini,a110cde2-4aad-4471-8797-16042b26486e,mid,118.97495640354751,2019-04-29 00:44:45.024884,8549e9ab-eb0d-4dfc-9e64-62715cd4d8d4,net
179.91886481035036,yes,Spyker,822649bf-ee1c-482c-b5af-7e3a7fed7847,mid,158.85661803899853,2019-04-29 00:44:45.024884,dc1d872b-9f27-44a6-8a66-0ce8efcd5545,checkpoint
92.52769767123135,no,Maybach,c976634f-7d93-44d5-9af6-d7ce6e7fa1b4,mid,177.32906079648058,2019-04-29 00:44:45.024884,8549e9ab-eb0d-4dfc-9e64-62715cd4d8d4,net
272.96240081157777,yes,Lamborghini,6093e6f6-6e08-4192-b624-f651b60ff4f4,out,183.61298034291497,2019-04-29 00:44:45.024884,d47bb43f-944e-4781-8036-fea96b2aea0b,net
92.52769767123135,yes,Hyundai,8cf5406c-d7ea-464d-972f-415696e6a393,mid,112.33438553474889,2019-04-29 00:44:45.024884,8549e9ab-eb0d-4dfc-9e64-62715cd4d8d4,net
272.96240081157777,no,Mercedes-Benz,dc055acf-3563-4b8c-9502-d26bec32f32e,out,102.86862085017685,2019-04-29 00:44:45.024884,d47bb43f-944e-4781-8036-fea96b2aea0b,net
179.91886481035036,yes,Spyker,ddf400d6-a1e4-4737-91ca-0e397c2b8576,mid,97.30964085799894,2019-04-29 00:44:45.024884,dc1d872b-9f27-44a6-8a66-0ce8efcd5545,checkpoint
183.14618051952453,no,Lexus,2a401b7f-a8e5-468d-be6f-5713838ae997,mid,110.7630593044311,2019-04-29 00:44:45.024884,f4cfd4f7-460b-47ba-a723-79b3c36181b8,checkpoint
179.91886481035036,yes,Rolls-Royce,341cc7fb-c549-4055-83c4-3731872e24c4,mid,162.55780510031354,2019-04-29 00:44:45.024884,dc1d872b-9f27-44a6-8a66-0ce8efcd5545,checkpoint
92.52769767123135,yes,Spyker,f67da67a-30f5-43dc-8172-b2ba1a795d1e,mid,180.85972475020677,2019-04-29 01:44:45.024884,8549e9ab-eb0d-4dfc-9e64-62715cd4d8d4,net
92.52769767123135,no,Maybach,70595f63-d32d-46af-815a-9edcb14e8cba,mid,178.9613011806931,2019-04-29 01:44:45.024884,8549e9ab-eb0d-4dfc-9e64-62715cd4d8d4,net
183.14618051952453,yes,Kia,90d24e66-af38-4706-8e2d-0c82212cad82,mid,93.9372344553334,2019-04-29 01:44:45.024884,f4cfd4f7-460b-47ba-a723-79b3c36181b8,checkpoint
92.52769767123135,no,Porsche,4b8c0410-ba41-45c6-81c9-738360a9db0d,mid,77.38214499147458,2019-04-29 01:44:45.024884,8549e9ab-eb0d-4dfc-9e64-62715cd4d8d4,net
183.14618051952453,no,Volkswagen,264e4983-92d7-46c6-99eb-a102433dbcd5,mid,112.83703873055867,2019-04-29 01:44:45.024884,f4cfd4f7-460b-47ba-a723-79b3c36181b8,checkpoint
179.91886481035036,no,Cadillac,23d73a19-023b-4f3f-b099-8b3e6a8ea6b7,mid,157.88292413845915,2019-04-29 01:44:45.024884,dc1d872b-9f27-44a6-8a66-0ce8efcd5545,checkpoint
92.52769767123135,no,Honda,2826794b-bf06-445b-a851-a1935d1dd0d6,mid,157.84116286991053,2019-04-29 01:44:45.024884,8549e9ab-eb0d-4dfc-9e64-62715cd4d8d4,net
92.52769767123135,yes,Ford,fec01aae-bc12-4fb2-877a-a97a826dc9f5,mid,165.78412282774042,2019-04-29 01:44:45.024884,8549e9ab-eb0d-4dfc-9e64-62715cd4d8d4,net
179.91886481035036,no,Chrysler,254a7229-ba6f-403f-a882-291e4a649a1c,mid,140.4302635752641,2019-04-29 01:44:45.024884,dc1d872b-9f27-44a6-8a66-0ce8efcd5545,checkpoint
272.96240081157777,yes,Spyker,470b4017-5d78-4d7a-a768-de3778b41637,out,79.39071044734042,2019-04-29 01:44:45.024884,d47bb43f-944e-4781-8036-fea96b2aea0b,net
272.96240081157777,no,Rolls-Royce,179f5f3d-6061-48eb-9ac0-fdb025f080c2,out,130.44718095118637,2019-04-29 01:44:45.024884,d47bb43f-944e-4781-8036-fea96b2aea0b,net
179.91886481035036,yes,Nissan,6cc0ad80-1156-472e-8389-1e212ba7973e,mid,110.28486076845303,2019-04-29 01:44:45.024884,dc1d872b-9f27-44a6-8a66-0ce8efcd5545,checkpoint
271.444856187316,no,Volkswagen,2faff08a-3c22-4767-b7c7-943cd43a3b4d,in,186.58662734617897,2019-04-29 01:44:45.024884,3d1a300e-583a-444b-bffa-b0a5d33d3f1a,checkpoint
183.14618051952453,yes,Toyota,9ea21c30-82c3-4e34-b013-f600b50cdfb4,mid,152.02077445283481,2019-04-29 01:44:45.024884,f4cfd4f7-460b-47ba-a723-79b3c36181b8,checkpoint
92.52769767123135,yes,Aston Martin,c358e691-6a2f-420a-aa36-faa3a66688a0,mid,160.76415203038982,2019-04-29 01:44:45.024884,8549e9ab-eb0d-4dfc-9e64-62715cd4d8d4,net
92.52769767123135,no,Lincoln,b03a8905-ce05-428e-a273-b8d2a8b6c025,mid,127.97968547173815,2019-04-29 01:44:45.024884,8549e9ab-eb0d-4dfc-9e64-62715cd4d8d4,net
272.96240081157777,no,Lamborghini,02d3c9ed-8c3f-43bd-b7e8-abf499b2f348,out,150.9319856637021,2019-04-29 01:44:45.024884,d47bb43f-944e-4781-8036-fea96b2aea0b,net
179.91886481035036,no,Chrysler,64b54895-e807-4efb-b827-77f716afc38d,mid,148.63816716116202,2019-04-29 01:44:45.024884,dc1d872b-9f27-44a6-8a66-0ce8efcd5545,checkpoint
272.96240081157777,no,Ford,d6bb27d2-fb64-4856-8b64-ca1143672fad,out,91.20737149909073,2019-04-29 01:44:45.024884,d47bb43f-944e-4781-8036-fea96b2aea0b,net
183.14618051952453,no,Tesla,37c58e39-4ded-4f19-83c9-f8e188c9086f,mid,83.98370017846027,2019-04-29 01:44:45.024884,f4cfd4f7-460b-47ba-a723-79b3c36181b8,checkpoint
92.52769767123135,yes,Lexus,43f7e565-3e21-466a-9af5-86c916404d7b,mid,179.80532497085284,2019-04-29 01:44:45.024884,8549e9ab-eb0d-4dfc-9e64-62715cd4d8d4,net
183.14618051952453,yes,Chevrolet,307ab00e-69be-4870-b1ce-43fc061726d8,mid,-39.962391800782484,2019-04-29 01:44:45.024884,f4cfd4f7-460b-47ba-a723-79b3c36181b8,checkpoint
179.91886481035036,yes,Lamborghini,551099cd-7211-4eb4-979d-a617a9438bb5,mid,175.33122958977347,2019-04-29 01:44:45.024884,dc1d872b-9f27-44a6-8a66-0ce8efcd5545,checkpoint
183.14618051952453,yes,Ferrari,66db4242-1ad4-4533-8abf-ab515de6f9bb,mid,229.70961028415707,2019-04-29 01:44:45.024884,f4cfd4f7-460b-47ba-a723-79b3c36181b8,checkpoint
183.14618051952453,no,Spyker,5a485416-7526-4954-b3e4-eab3d375939c,mid,117.98525520632133,2019-04-29 01:44:45.024884,f4cfd4f7-460b-47ba-a723-79b3c36181b8,checkpoint
92.52769767123135,no,Toyota,9b9acb48-904c-411a-9ddf-f32e4e420434,mid,210.86911105479237,2019-04-29 02:44:45.024884,8549e9ab-eb0d-4dfc-9e64-62715cd4d8d4,net
179.91886481035036,yes,Volvo,f5a578dc-368e-4a5c-85a6-f7e3270aa97c,mid,107.62094480342594,2019-04-29 02:44:45.024884,dc1d872b-9f27-44a6-8a66-0ce8efcd5545,checkpoint
92.52769767123135,yes,Dodge,bd496c00-8880-4faf-9478-a40ccfb8fc11,mid,141.36826838446945,2019-04-29 02:44:45.024884,8549e9ab-eb0d-4dfc-9e64-62715cd4d8d4,net
271.444856187316,no,Spyker,b846fcaa-cd27-4a18-9aa1-505464a5be41,in,150.71553419285272,2019-04-29 02:44:45.024884,3d1a300e-583a-444b-bffa-b0a5d33d3f1a,checkpoint
183.14618051952453,no,Suzuki,57e84ea8-3fa8-48c0-8631-ff38128e0f8d,mid,154.93740620347012,2019-04-29 02:44:45.024884,f4cfd4f7-460b-47ba-a723-79b3c36181b8,checkpoint
272.96240081157777,no,Nissan,151778e8-11fe-4cf4-9eef-1f57715f1c0d,out,155.45697393034948,2019-04-29 02:44:45.024884,d47bb43f-944e-4781-8036-fea96b2aea0b,net
272.96240081157777,no,Hyundai,3d22cf29-9cb1-455d-9dc7-9dc7b69fe890,out,206.92757909412973,2019-04-29 02:44:45.024884,d47bb43f-944e-4781-8036-fea96b2aea0b,net
272.96240081157777,yes,Suzuki,8b195737-c275-4560-acf7-e22fdcc85db5,out,265.35096809990904,2019-04-29 02:44:45.024884,d47bb43f-944e-4781-8036-fea96b2aea0b,net
179.91886481035036,yes,Suzuki,7cf54375-9477-4032-8651-240f9abbf0c8,mid,126.93255309090593,2019-04-29 02:44:45.024884,dc1d872b-9f27-44a6-8a66-0ce8efcd5545,checkpoint
272.96240081157777,no,Honda,95dc3671-ac44-40d0-8718-67ad2f502bd9,out,111.75620987832441,2019-04-29 02:44:45.024884,d47bb43f-944e-4781-8036-fea96b2aea0b,net
183.14618051952453,no,Volvo,c1b23bd5-1de7-45cd-9ee5-e2fc9153aa47,mid,197.5350451435316,2019-04-29 02:44:45.024884,f4cfd4f7-460b-47ba-a723-79b3c36181b8,checkpoint
272.96240081157777,no,Volvo,1b17d737-05d8-47cc-aa5f-aef6d0698e89,out,84.49163622419852,2019-04-29 02:44:45.024884,d47bb43f-944e-4781-8036-fea96b2aea0b,net
179.91886481035036,yes,Hyundai,1f19ceee-ed9f-44aa-b430-605ff2b766ce,mid,259.6052324005917,2019-04-29 02:44:45.024884,dc1d872b-9f27-44a6-8a66-0ce8efcd5545,checkpoint
272.96240081157777,yes,Toyota,6a5a4920-8da4-4db4-8727-4204296802b1,out,141.95408501189584,2019-04-29 02:44:45.024884,d47bb43f-944e-4781-8036-fea96b2aea0b,net
272.96240081157777,no,Bentley,cf7e7870-dfa1-4471-85e3-bcf9385e29bc,out,149.40133201346842,2019-04-29 02:44:45.024884,d47bb43f-944e-4781-8036-fea96b2aea0b,net
179.91886481035036,no,Bugatti,0126f8d9-c50e-46aa-8e2d-1fe48c74c899,mid,167.41825054138786,2019-04-29 02:44:45.024884,dc1d872b-9f27-44a6-8a66-0ce8efcd5545,checkpoint
272.96240081157777,no,Bentley,e32c3218-ba6f-47ba-9907-c0522e084bd9,out,-1.1197152947553377,2019-04-29 02:44:45.024884,d47bb43f-944e-4781-8036-fea96b2aea0b,net
179.91886481035036,yes,Maybach,90206242-a060-4033-9bb6-4bb2a38ed772,mid,196.92803928872635,2019-04-29 02:44:45.024884,dc1d872b-9f27-44a6-8a66-0ce8efcd5545,checkpoint
92.52769767123135,yes,Nissan,aec17911-7cea-4a31-a0b2-0972b26a5eff,mid,117.43506117509828,2019-04-29 02:44:45.024884,8549e9ab-eb0d-4dfc-9e64-62715cd4d8d4,net
179.91886481035036,no,Lincoln,2c6cbfb3-9c97-4708-aa37-fce92f528a86,mid,98.1788567532428,2019-04-29 02:44:45.024884,dc1d872b-9f27-44a6-8a66-0ce8efcd5545,checkpoint
92.52769767123135,no,Ford,276846ae-0ac0-463f-9f71-43bb8abb69b6,mid,91.23908780756221,2019-04-29 02:44:45.024884,8549e9ab-eb0d-4dfc-9e64-62715cd4d8d4,net
183.14618051952453,yes,Toyota,3b2b17cc-c85e-486d-8cf4-598529f4d47c,mid,59.081468013383386,2019-04-29 02:44:45.024884,f4cfd4f7-460b-47ba-a723-79b3c36181b8,checkpoint
179.91886481035036,no,Lexus,e4a575bc-4aff-4966-b76e-93d0296b864e,mid,69.93477108971038,2019-04-29 02:44:45.024884,dc1d872b-9f27-44a6-8a66-0ce8efcd5545,checkpoint
183.14618051952453,no,Alfa Romeo,dd06f879-0bf0-4880-98a5-d497aa6c74f1,mid,103.1460437481497,2019-04-29 02:44:45.024884,f4cfd4f7-460b-47ba-a723-79b3c36181b8,checkpoint
183.14618051952453,no,Tesla,51eb8480-1bf0-4645-8ef8-9d471c7e8701,mid,174.86437342664243,2019-04-29 03:44:45.024884,f4cfd4f7-460b-47ba-a723-79b3c36181b8,checkpoint
92.52769767123135,no,Mitsubishi,ffeeddbe-84a4-40bc-ac46-c0c019f6461b,mid,102.40002764057337,2019-04-29 03:44:45.024884,8549e9ab-eb0d-4dfc-9e64-62715cd4d8d4,net
92.52769767123135,no,Mercedes-Benz,c31f0453-14c1-4852-a4ce-319097a91949,mid,123.05989277237579,2019-04-29 03:44:45.024884,8549e9ab-eb0d-4dfc-9e64-62715cd4d8d4,net
92.52769767123135,no,Volkswagen,41a5f12e-304c-4df6-b7b3-1d4982b025e4,mid,237.90352592488227,2019-04-29 03:44:45.024884,8549e9ab-eb0d-4dfc-9e64-62715cd4d8d4,net
183.14618051952453,no,Tesla,e6391617-dde3-411a-9cf8-dc4a9f77eb9d,mid,227.64166166858706,2019-04-29 03:44:45.024884,f4cfd4f7-460b-47ba-a723-79b3c36181b8,checkpoint
272.96240081157777,no,Honda,0a3aad10-7db6-4483-8731-89354974f8ae,out,21.672403100974464,2019-04-29 03:44:45.024884,d47bb43f-944e-4781-8036-fea96b2aea0b,net
272.96240081157777,no,Chevrolet,0c32a8f2-481e-4674-8c60-e325a4bb0864,out,128.47650109348214,2019-04-29 03:44:45.024884,d47bb43f-944e-4781-8036-fea96b2aea0b,net
183.14618051952453,no,Land Rover,8760bfd9-bf27-4bdd-a3ea-ebfd169c288b,mid,121.12821646692046,2019-04-29 03:44:45.024884,f4cfd4f7-460b-47ba-a723-79b3c36181b8,checkpoint
179.91886481035036,no,Toyota,3da1a395-14c2-4435-9301-19eadf971171,mid,142.10193618516516,2019-04-29 03:44:45.024884,dc1d872b-9f27-44a6-8a66-0ce8efcd5545,checkpoint
92.52769767123135,yes,Lincoln,c82c2a44-d361-48ce-a61b-64ae61aa27be,mid,25.76115223086397,2019-04-29 03:44:45.024884,8549e9ab-eb0d-4dfc-9e64-62715cd4d8d4,net
179.91886481035036,yes,Subaru,7f960342-fd91-4f98-bc1c-eb50444f0629,mid,123.76386337477616,2019-04-29 03:44:45.024884,dc1d872b-9f27-44a6-8a66-0ce8efcd5545,checkpoint
183.14618051952453,yes,Spyker,70116c01-738c-420b-a53a-f5df34e92410,mid,95.34571291673687,2019-04-29 03:44:45.024884,f4cfd4f7-460b-47ba-a723-79b3c36181b8,checkpoint
179.91886481035036,no,Alfa Romeo,70502edb-0a25-45c1-bfb9-d73d4a067cec,mid,169.18937165334395,2019-04-29 03:44:45.024884,dc1d872b-9f27-44a6-8a66-0ce8efcd5545,checkpoint
183.14618051952453,no,Aston Martin,b3dd1ba5-352b-4c6a-8566-ff7128dbb311,mid,68.54532728795542,2019-04-29 03:44:45.024884,f4cfd4f7-460b-47ba-a723-79b3c36181b8,checkpoint
92.52769767123135,no,Audi,18463ea9-1de6-4a21-ab77-6153914b840e,mid,147.0286456962496,2019-04-29 03:44:45.024884,8549e9ab-eb0d-4dfc-9e64-62715cd4d8d4,net
179.91886481035036,yes,Cadillac,f9f7d545-d9aa-488b-b371-454dadb3da21,mid,99.49574240498863,2019-04-29 03:44:45.024884,dc1d872b-9f27-44a6-8a66-0ce8efcd5545,checkpoint
271.444856187316,yes,Kia,f29b4e7f-341f-4fb9-b8c8-fe243d70565b,in,91.43090238704102,2019-04-29 03:44:45.024884,3d1a300e-583a-444b-bffa-b0a5d33d3f1a,checkpoint
272.96240081157777,no,Aston Martin,4716db7e-c17d-4e6e-9ae5-c4424d8c472e,out,168.12129201469565,2019-04-29 03:44:45.024884,d47bb43f-944e-4781-8036-fea96b2aea0b,net
179.91886481035036,yes,Tesla,f0c29b03-d967-4d5d-806f-d7b79359432f,mid,177.64180767321503,2019-04-29 03:44:45.024884,dc1d872b-9f27-44a6-8a66-0ce8efcd5545,checkpoint
272.96240081157777,yes,BMW,05830e7d-1213-4506-8845-6b975eb213fd,out,56.56246807579848,2019-04-29 03:44:45.024884,d47bb43f-944e-4781-8036-fea96b2aea0b,net
183.14618051952453,yes,Hyundai,1644cb36-db53-4f5e-9172-8da076485a93,mid,129.96670965130613,2019-04-29 03:44:45.024884,f4cfd4f7-460b-47ba-a723-79b3c36181b8,checkpoint
179.91886481035036,yes,Toyota,916595a8-161a-4bdd-a169-2abb11d843fd,mid,113.30963752512982,2019-04-29 03:44:45.024884,dc1d872b-9f27-44a6-8a66-0ce8efcd5545,checkpoint
179.91886481035036,no,Subaru,dcd60580-d7b4-487e-9e3a-38b0c9f58217,mid,55.793299378362505,2019-04-29 03:44:45.024884,dc1d872b-9f27-44a6-8a66-0ce8efcd5545,checkpoint
272.96240081157777,no,Lamborghini,0f736c9b-abaa-4c1b-822a-b12a3b2b1ed9,out,115.79441008107028,2019-04-29 03:44:45.024884,d47bb43f-944e-4781-8036-fea96b2aea0b,net
179.91886481035036,yes,Subaru,c48b5d66-a053-4a8a-aa75-ce59bf9b4c89,mid,152.33227536880884,2019-04-29 03:44:45.024884,dc1d872b-9f27-44a6-8a66-0ce8efcd5545,checkpoint
272.96240081157777,no,Ford,ae4eb902-652d-42c7-a17b-b76fa1a77f61,out,52.14078859602057,2019-04-29 03:44:45.024884,d47bb43f-944e-4781-8036-fea96b2aea0b,net
179.91886481035036,yes,Spyker,3dd04b52-071e-4721-aada-cd1d9ce249c4,mid,149.88003257238816,2019-04-29 03:44:45.024884,dc1d872b-9f27-44a6-8a66-0ce8efcd5545,checkpoint
271.444856187316,no,Ford,f76278c1-a1d6-4b29-9da0-2d762598d23e,in,71.78155225416458,2019-04-29 03:44:45.024884,3d1a300e-583a-444b-bffa-b0a5d33d3f1a,checkpoint
183.14618051952453,yes,Mazda,106f7027-6f08-40ca-9b20-e185020bdbcb,mid,27.998389349019305,2019-04-29 03:44:45.024884,f4cfd4f7-460b-47ba-a723-79b3c36181b8,checkpoint
179.91886481035036,no,Lamborghini,4db372c2-5f9d-495d-9075-0d63db42bee3,mid,172.61228431314288,2019-04-29 03:44:45.024884,dc1d872b-9f27-44a6-8a66-0ce8efcd5545,checkpoint
179.91886481035036,yes,Lexus,141d4097-2c57-4c03-852b-804dfa27ecc3,mid,199.36980060456972,2019-04-29 03:44:45.024884,dc1d872b-9f27-44a6-8a66-0ce8efcd5545,checkpoint
179.91886481035036,yes,Rolls-Royce,cb0a297e-2b76-430d-85fe-22580c6bae4b,mid,160.12085929470481,2019-04-29 03:44:45.024884,dc1d872b-9f27-44a6-8a66-0ce8efcd5545,checkpoint
271.444856187316,no,Fiat,2ff33f00-2851-4898-a286-960551bcbaa8,in,193.70785839729004,2019-04-29 03:44:45.024884,3d1a300e-583a-444b-bffa-b0a5d33d3f1a,checkpoint
179.91886481035036,yes,Mazda,022a271c-e72e-419d-9850-1cc1fcf27d9b,mid,160.02072116436085,2019-04-29 03:44:45.024884,dc1d872b-9f27-44a6-8a66-0ce8efcd5545,checkpoint
272.96240081157777,no,Dodge,cd2189cf-6e3d-4c1d-86ad-80a9698eed72,out,165.79087202124305,2019-04-29 03:44:45.024884,d47bb43f-944e-4781-8036-fea96b2aea0b,net
272.96240081157777,no,Alfa Romeo,35db5fb4-833e-414d-8e3f-0a469ab2e9a1,out,134.46595521744314,2019-04-29 04:44:45.024884,d47bb43f-944e-4781-8036-fea96b2aea0b,net
272.96240081157777,no,Maybach,aefe2a81-eab3-4105-bc10-5bfeda604bcb,out,99.06259688908321,2019-04-29 04:44:45.024884,d47bb43f-944e-4781-8036-fea96b2aea0b,net
272.96240081157777,no,Mitsubishi,9bf5792d-54c0-4def-acb7-5fc83db71a03,out,112.98035071465625,2019-04-29 04:44:45.024884,d47bb43f-944e-4781-8036-fea96b2aea0b,net
92.52769767123135,no,Bentley,601e2752-b08e-463e-af56-cb4a53af7a5e,mid,199.62367734461577,2019-04-29 04:44:45.024884,8549e9ab-eb0d-4dfc-9e64-62715cd4d8d4,net
179.91886481035036,no,BMW,6e4ba935-b2ce-4a94-83a9-65b5a0dd5793,mid,159.39251693407678,2019-04-29 04:44:45.024884,dc1d872b-9f27-44a6-8a66-0ce8efcd5545,checkpoint
183.14618051952453,no,Nissan,edce7377-8f21-4bef-8ec0-543f2fd75368,mid,72.98183922164873,2019-04-29 04:44:45.024884,f4cfd4f7-460b-47ba-a723-79b3c36181b8,checkpoint
92.52769767123135,no,Volkswagen,65f6a55a-c295-4ae8-903a-f41e45f4d811,mid,176.33754582235386,2019-04-29 04:44:45.024884,8549e9ab-eb0d-4dfc-9e64-62715cd4d8d4,net
272.96240081157777,yes,Hyundai,ea5f08e4-545e-4316-b96d-f66f7c8863cd,out,232.34281502047162,2019-04-29 04:44:45.024884,d47bb43f-944e-4781-8036-fea96b2aea0b,net
272.96240081157777,yes,Bentley,e45f1a95-8625-4904-81df-049b9ff3b48a,out,186.97939751810782,2019-04-29 04:44:45.024884,d47bb43f-944e-4781-8036-fea96b2aea0b,net
179.91886481035036,yes,Land Rover,9c7b6c1e-d7a9-4d4b-9e3f-eb4c426a45f8,mid,38.39235233262329,2019-04-29 04:44:45.024884,dc1d872b-9f27-44a6-8a66-0ce8efcd5545,checkpoint
92.52769767123135,no,Bentley,a2f32a70-8d79-4b3a-b773-b2f62758f16b,mid,147.15204316731595,2019-04-29 04:44:45.024884,8549e9ab-eb0d-4dfc-9e64-62715cd4d8d4,net
92.52769767123135,no,Lincoln,1142dd51-732c-4083-8051-a63dc21b9cf2,mid,120.11961909335334,2019-04-29 04:44:45.024884,8549e9ab-eb0d-4dfc-9e64-62715cd4d8d4,net
179.91886481035036,no,Porsche,e2194ad2-4089-40af-bd4c-ed51c27d31cf,mid,154.51182271891332,2019-04-29 04:44:45.024884,dc1d872b-9f27-44a6-8a66-0ce8efcd5545,checkpoint
272.96240081157777,no,Mercedes-Benz,bd7a08be-5734-4d56-a4a2-9dacfef0cc1f,out,104.90276286164429,2019-04-29 04:44:45.024884,d47bb43f-944e-4781-8036-fea96b2aea0b,net
271.444856187316,no,Bugatti,381184fd-975b-47a4-8e78-d6b854d5f32f,in,39.88223329311931,2019-04-29 04:44:45.024884,3d1a300e-583a-444b-bffa-b0a5d33d3f1a,checkpoint
272.96240081157777,no,Lexus,ad4abfad-925d-40bc-a3b1-af1be90e93a7,out,72.56152568064755,2019-04-29 04:44:45.024884,d47bb43f-944e-4781-8036-fea96b2aea0b,net
92.52769767123135,no,Ford,23d2b894-d0cf-4fbf-a61b-d454e8c1dc4b,mid,108.36745717222604,2019-04-29 04:44:45.024884,8549e9ab-eb0d-4dfc-9e64-62715cd4d8d4,net
271.444856187316,no,Honda,503f2217-5a58-440a-b0ea-e897e71aa657,in,127.78442408595305,2019-04-29 04:44:45.024884,3d1a300e-583a-444b-bffa-b0a5d33d3f1a,checkpoint
183.14618051952453,no,Lamborghini,de7e3d5d-ba4c-4278-a22a-9d4cca9f541a,mid,127.3387114080771,2019-04-29 04:44:45.024884,f4cfd4f7-460b-47ba-a723-79b3c36181b8,checkpoint
92.52769767123135,no,Fiat,576fa4ee-e927-4eb6-9657-ba02cd2e50ed,mid,117.06286938464717,2019-04-29 04:44:45.024884,8549e9ab-eb0d-4dfc-9e64-62715cd4d8d4,net
92.52769767123135,no,Fiat,b48377d5-c4dd-4ea8-84ba-1996431c9a35,mid,119.67859484403397,2019-04-29 04:44:45.024884,8549e9ab-eb0d-4dfc-9e64-62715cd4d8d4,net
271.444856187316,yes,Subaru,edd25121-9309-443a-8a98-45371e5c7424,in,94.1700127402033,2019-04-29 04:44:45.024884,3d1a300e-583a-444b-bffa-b0a5d33d3f1a,checkpoint
92.52769767123135,no,BMW,7b75eb76-40b4-4ab1-b93a-415f566d0025,mid,141.30356395889996,2019-04-29 04:44:45.024884,8549e9ab-eb0d-4dfc-9e64-62715cd4d8d4,net
92.52769767123135,yes,Lexus,aec01a2d-7ba6-4170-b412-850293f0af22,mid,53.6536426438217,2019-04-29 04:44:45.024884,8549e9ab-eb0d-4dfc-9e64-62715cd4d8d4,net
179.91886481035036,yes,BMW,65c5e4f1-bed6-44e7-a287-9ab037139e2b,mid,89.04282415268801,2019-04-29 04:44:45.024884,dc1d872b-9f27-44a6-8a66-0ce8efcd5545,checkpoint
272.96240081157777,no,Cadillac,b5f6b0e9-740e-45ac-816e-b4252cd18e51,out,114.0699728361055,2019-04-29 04:44:45.024884,d47bb43f-944e-4781-8036-fea96b2aea0b,net
272.96240081157777,no,Ford,c73dd5d9-aa54-45b4-b947-cf6829a4c664,out,229.11022418461937,2019-04-29 04:44:45.024884,d47bb43f-944e-4781-8036-fea96b2aea0b,net
272.96240081157777,no,Ferrari,7736a1ce-6e14-4aa7-95ae-cc9689fd405e,out,171.4072064195551,2019-04-29 04:44:45.024884,d47bb43f-944e-4781-8036-fea96b2aea0b,net
92.52769767123135,no,Honda,dbd49ff0-1db2-48cf-b109-0a4fd67fbe68,mid,153.9338006092798,2019-04-29 04:44:45.024884,8549e9ab-eb0d-4dfc-9e64-62715cd4d8d4,net
179.91886481035036,no,Volkswagen,c9894a33-a684-47fd-a2f0-ef6050b5bce0,mid,174.76381728499302,2019-04-29 04:44:45.024884,dc1d872b-9f27-44a6-8a66-0ce8efcd5545,checkpoint
272.96240081157777,yes,Honda,af8a831e-fcee-4061-9bda-973f3e43156a,out,109.93014082431432,2019-04-29 04:44:45.024884,d47bb43f-944e-4781-8036-fea96b2aea0b,net
272.96240081157777,yes,Alfa Romeo,6963933b-5d9b-4b30-9d31-2d2a86355c6a,out,175.31201218754737,2019-04-29 04:44:45.024884,d47bb43f-944e-4781-8036-fea96b2aea0b,net
92.52769767123135,no,Ford,a51d50d3-f454-4a09-8518-fb3dfd74cd1b,mid,95.26267960587211,2019-04-29 04:44:45.024884,8549e9ab-eb0d-4dfc-9e64-62715cd4d8d4,net
179.91886481035036,yes,Subaru,3c4b7d87-ffb1-41a5-b961-b53ed3ebd19a,mid,150.47954894189076,2019-04-29 04:44:45.024884,dc1d872b-9f27-44a6-8a66-0ce8efcd5545,checkpoint
272.96240081157777,no,Suzuki,d1c17688-1ea7-48bb-8158-2b54f06fafae,out,121.04181837836273,2019-04-29 04:44:45.024884,d47bb43f-944e-4781-8036-fea96b2aea0b,net
183.14618051952453,no,Lincoln,cabf3668-0f70-40c3-a686-8af2235f8c47,mid,106.82632086032517,2019-04-29 04:44:45.024884,f4cfd4f7-460b-47ba-a723-79b3c36181b8,checkpoint
272.96240081157777,no,Audi,fe90faa8-d67d-49ff-9d6e-303d512193fa,out,185.22473773274632,2019-04-29 04:44:45.024884,d47bb43f-944e-4781-8036-fea96b2aea0b,net
179.91886481035036,no,Volvo,acfcc761-d163-4532-b388-a31bbf855852,mid,168.7558073640211,2019-04-29 04:44:45.024884,dc1d872b-9f27-44a6-8a66-0ce8efcd5545,checkpoint
92.52769767123135,yes,Maybach,fc8115a6-66fd-459f-beaf-12d960aa7955,mid,91.03967169920953,2019-04-29 04:44:45.024884,8549e9ab-eb0d-4dfc-9e64-62715cd4d8d4,net
92.52769767123135,yes,Rolls-Royce,417c8f55-d39c-4d31-8a19-6f2c2c00275e,mid,176.67313721374592,2019-04-29 04:44:45.024884,8549e9ab-eb0d-4dfc-9e64-62715cd4d8d4,net
